{
    "map": 0.3333333333333333,
    "ndcg_cut_10": 0.3333333333333333,
    "ndcg_cut_5": 0.3333333333333333,
    "recall_10": 0.3333333333333333,
    "recall_5": 0.3333333333333333
}